condition_id	pair_id	pair_role	major	minor	minor_percent	total_pairs	seed	design_role	expected_rule	window_policy	strict_recruitment_rate_percent	strict_genome_size_bp	meta_genome_size_bp	strict_contigs	meta_contigs	strict_n50_bp	meta_n50_bp	strict_gc_percent	meta_gc_percent	meta_to_strict_ani	strict_to_meta_ani	meta_to_strict_af	strict_to_meta_af	strict_burden_10_90_per_mbp	meta_burden_10_90_per_mbp	strict_burden_20_80_per_mbp	meta_burden_20_80_per_mbp	frozen_auxiliary_threshold	frozen_primary_threshold	either_route_auxiliary_positive	either_route_primary_positive	combined_positive	prespecified_rule_satisfied	major_source_total_pairs	major_window_start_zero_based	major_maximum_window_pairs	minor_source_total_pairs	minor_window_start_zero_based	minor_maximum_window_pairs	maximum_primary_burden_per_mbp	maximum_auxiliary_burden_per_mbp
pairA__Mi1_major__Ma20_minor__p00__n1000000__s202	pairA	calibration_cross_lineage	Mi1	Ma20	0	1000000	202	depth_sensitivity	combined_negative	nested_prefix_of_seeded_maximum_depth_window	90.2	5237619	5448630	62	49	203858	204177	68.26714581568457	68.04051660692689	99.9678	99.9849	0.9508928571428572	0.9894736842105264	181.71209596852165	175.54938558638017	36.03573211190091	32.30404046016459	952.42	161.8	False	False	False	True	4325321	100602	4000000	4308679	215131	4000000	36.03573211190091	181.71209596852165
pairA__Mi1_major__Ma20_minor__p10__n1000000__s202	pairA	calibration_cross_lineage	Mi1	Ma20	10	1000000	202	depth_sensitivity	auxiliary_or_primary_positive	nested_prefix_of_seeded_maximum_depth_window	90.63	5373781	5396304	124	137	147376	106514	68.18431938331689	67.98868262425542	99.949	99.9665	0.952188940092166	0.9463048498845266	3042.577062772168	2961.2704442842414	242.2152573330621	245.84853397995704	952.42	161.8	True	True	True	True	4325321	100602	4000000	4308679	215131	4000000	245.84853397995704	3042.577062772168
pairA__Mi1_major__Ma20_minor__p20__n1000000__s202	pairA	calibration_cross_lineage	Mi1	Ma20	20	1000000	202	depth_sensitivity	primary_positive	nested_prefix_of_seeded_maximum_depth_window	91.1	5392882	5422538	169	171	112210	67348	68.18031620198624	68.01778060384271	99.9551	99.9397	0.9386218876664736	0.938953488372093	6324.098813034237	6236.464874014425	3367.6470475101723	3335.552886560087	952.42	161.8	True	True	True	True	4325321	100602	4000000	4308679	215131	4000000	3367.6470475101723	6324.098813034237
pairA__Mi1_major__Ma20_minor__p00__n2000000__s202	pairA	calibration_cross_lineage	Mi1	Ma20	0	2000000	202	depth_sensitivity	combined_negative	nested_prefix_of_seeded_maximum_depth_window	90.21	5238780	5456607	60	48	237897	219520	68.26795551636069	68.05604655053956	99.9681	99.9836	0.9476905954368392	0.9883313885647608	196.26297710106016	190.35422551198437	26.372240350483253	26.10889668987334	952.42	161.8	False	False	False	True	4325321	100602	4000000	4308679	215131	4000000	26.372240350483253	196.26297710106016
pairA__Mi1_major__Ma20_minor__p10__n2000000__s202	pairA	calibration_cross_lineage	Mi1	Ma20	10	2000000	202	all_pair_10_percent_and_depth_sensitivity	auxiliary_or_primary_positive	nested_prefix_of_seeded_maximum_depth_window	90.67	5391517	5439159	146	116	118586	115714	68.18107037407097	67.96078217239099	99.9407	99.9699	0.9399092970521542	0.9485251590514748	3500.5950323214215	3402.8794529289844	102.29508096416652	109.07880953474	952.42	161.8	True	False	True	True	4325321	100602	4000000	4308679	215131	4000000	109.07880953474	3500.5950323214215
pairA__Mi1_major__Ma20_minor__p20__n2000000__s202	pairA	calibration_cross_lineage	Mi1	Ma20	20	2000000	202	depth_sensitivity	primary_positive	nested_prefix_of_seeded_maximum_depth_window	91.13	5400251	5701125	194	157	93033	76265	68.18170118388942	67.99582538534061	99.9184	99.9345	0.9094380796508456	0.9655172413793104	6631.9628477951765	6500.794298545058	3291.9580130837503	3240.760302715589	952.42	161.8	True	True	True	True	4325321	100602	4000000	4308679	215131	4000000	3291.9580130837503	6631.9628477951765
pairA__Mi1_major__Ma20_minor__p00__n4000000__s202	pairA	calibration_cross_lineage	Mi1	Ma20	0	4000000	202	depth_sensitivity	combined_negative	nested_prefix_of_seeded_maximum_depth_window	90.22	5237969	5451731	59	43	249052	249074	68.26775798024005	68.04229702455972	99.982	99.9855	0.9504730105731776	0.9924154025670944	181.44650298154804	175.0658749717035	25.020517779560834	27.767801597402553	952.42	161.8	False	False	False	True	4325321	100602	4000000	4308679	215131	4000000	27.767801597402553	181.44650298154804
pairA__Mi1_major__Ma20_minor__p10__n4000000__s202	pairA	calibration_cross_lineage	Mi1	Ma20	10	4000000	202	depth_sensitivity	auxiliary_or_primary_positive	nested_prefix_of_seeded_maximum_depth_window	90.68	5399490	5705633	1045	99	10571	142616	68.17390160922605	67.96890020791733	99.6445	99.9702	0.7018299246501615	0.9866171003717472	3205.8862672776013	3376.3643332675897	104.56870163697548	62.51837407571421	952.42	161.8	True	False	True	True	4325321	100602	4000000	4308679	215131	4000000	104.56870163697548	3376.3643332675897
pairA__Mi1_major__Ma20_minor__p20__n4000000__s202	pairA	calibration_cross_lineage	Mi1	Ma20	20	4000000	202	depth_sensitivity	primary_positive	nested_prefix_of_seeded_maximum_depth_window	91.13	5401030	5391336	171	154	116252	76265	68.17975460236288	67.95745989491287	99.9554	99.9521	0.9398843930635838	0.935072463768116	6608.4179878240175	6506.118342610084	3307.552207059306	3269.324931897584	952.42	161.8	True	True	True	True	4325321	100602	4000000	4308679	215131	4000000	3307.552207059306	6608.4179878240175
pairA__Ma20_major__Mi1_minor__p00__n1000000__s202	pairA	calibration_cross_lineage	Ma20	Mi1	0	1000000	202	depth_sensitivity	combined_negative	nested_prefix_of_seeded_maximum_depth_window	94.8	5040794	5123014	69	41	141563	191115	68.4238237071382	68.31025642326958	99.9661	99.9915	0.9643705463182898	0.9860521528198908	182.7317682762124	178.38405242646465	32.84394527840419	30.41752269098132	952.42	161.8	False	False	False	True	4308679	215131	4000000	4325321	100602	4000000	32.84394527840419	182.7317682762124
pairA__Ma20_major__Mi1_minor__p10__n1000000__s202	pairA	calibration_cross_lineage	Ma20	Mi1	10	1000000	202	depth_sensitivity	auxiliary_or_primary_positive	nested_prefix_of_seeded_maximum_depth_window	94.36	5365699	5461647	189	198	157045	131675	68.1956814946198	68.09643684405088	99.9295	99.9386	0.9641203703703703	0.97366881217086	2421.5506851760924	2363.1392913661907	143.0771389035907	131.8777816735685	952.42	161.8	True	False	True	True	4308679	215131	4000000	4325321	100602	4000000	143.0771389035907	2421.5506851760924
pairA__Ma20_major__Mi1_minor__p20__n1000000__s202	pairA	calibration_cross_lineage	Ma20	Mi1	20	1000000	202	depth_sensitivity	primary_positive	nested_prefix_of_seeded_maximum_depth_window	93.9	5395443	5648893	170	154	122271	92791	68.18333545549457	68.04667746406243	99.9174	99.9192	0.9262749445676276	0.9674607786170832	6280.998272455827	6190.797973693343	2502.931671822934	2443.449480366197	952.42	161.8	True	True	True	True	4308679	215131	4000000	4325321	100602	4000000	2502.931671822934	6280.998272455827
pairA__Ma20_major__Mi1_minor__p00__n2000000__s202	pairA	calibration_cross_lineage	Ma20	Mi1	0	2000000	202	depth_sensitivity	combined_negative	nested_prefix_of_seeded_maximum_depth_window	94.82	5043641	5127154	61	33	166638	194609	68.42358526310656	68.31050910505127	99.9644	99.9895	0.9656601539372408	0.9866908650937688	188.33699819799796	180.86375361189224	19.250462408014545	15.463459453830612	952.42	161.8	False	False	False	True	4308679	215131	4000000	4325321	100602	4000000	19.250462408014545	188.33699819799796
pairA__Ma20_major__Mi1_minor__p10__n2000000__s202	pairA	calibration_cross_lineage	Ma20	Mi1	10	2000000	202	all_pair_10_percent_and_depth_sensitivity	auxiliary_or_primary_positive	nested_prefix_of_seeded_maximum_depth_window	94.36	5396675	5502296	158	128	139466	127735	68.1862072479814	68.05549901350273	99.9291	99.9483	0.922165820642978	0.945023148148148	2578.190041098156	2502.7325132262868	84.98000289487953	38.59393081073054	952.42	161.8	True	False	True	True	4308679	215131	4000000	4325321	100602	4000000	84.98000289487953	2578.190041098156
pairA__Ma20_major__Mi1_minor__p20__n2000000__s202	pairA	calibration_cross_lineage	Ma20	Mi1	20	2000000	202	depth_sensitivity	primary_positive	nested_prefix_of_seeded_maximum_depth_window	93.87	5409544	5482827	236	147	72097	79581	68.18273407148551	68.09060362473592	99.9155	99.8814	0.9417808219178082	0.9669811320754716	6583.829408861036	6552.209814918857	2045.2599331925344	2011.656679536943	952.42	161.8	True	True	True	True	4308679	215131	4000000	4325321	100602	4000000	2045.2599331925344	6583.829408861036
pairA__Ma20_major__Mi1_minor__p00__n4000000__s202	pairA	calibration_cross_lineage	Ma20	Mi1	0	4000000	202	depth_sensitivity	combined_negative	nested_prefix_of_seeded_maximum_depth_window	94.81	5044269	5125236	58	31	162590	257637	68.42331366546867	68.30959588982829	99.9359	99.9852	0.968639053254438	0.9866908650937688	163.61704330318418	161.96714179636427	16.659189863596932	15.453386717285962	952.42	161.8	False	False	False	True	4308679	215131	4000000	4325321	100602	4000000	16.659189863596932	163.61704330318418
pairA__Ma20_major__Mi1_minor__p10__n4000000__s202	pairA	calibration_cross_lineage	Ma20	Mi1	10	4000000	202	depth_sensitivity	auxiliary_or_primary_positive	nested_prefix_of_seeded_maximum_depth_window	94.35	5399892	5599327	1077	116	10080	138363	68.17051155837932	68.0649299460453	99.5802	99.9193	0.7144432194046306	0.9917043740573152	1982.1415989965164	2057.421914773481	85.48424777082259	32.782990487533205	952.42	161.8	True	False	True	True	4308679	215131	4000000	4325321	100602	4000000	85.48424777082259	2057.421914773481
pairA__Ma20_major__Mi1_minor__p20__n4000000__s202	pairA	calibration_cross_lineage	Ma20	Mi1	20	4000000	202	depth_sensitivity	primary_positive	nested_prefix_of_seeded_maximum_depth_window	93.89	5404685	5561876	163	140	133498	92735	68.18415874375657	68.08749421957627	99.9301	99.91	0.9417693169092946	0.9681159420289857	6578.273954987746	6473.195133013072	1703.5037747377264	1614.1200120794344	952.42	161.8	True	True	True	True	4308679	215131	4000000	4325321	100602	4000000	1703.5037747377264	6578.273954987746
pairB__Mi2_major__Mi22_minor__p10__n2000000__s202	pairB	calibration_cross_lineage	Mi2	Mi22	10	2000000	202	all_pair_10_percent	auxiliary_or_primary_positive	nested_prefix_of_seeded_maximum_depth_window	89.7	5179698	5214145	159	136	126664	108644	68.34029705978998	68.22763847188753	99.9512	99.8901	0.9076281287246722	0.9130434782608696	3293.258047414741	3125.090608007252	100.779266158643	79.57154321050902	952.42	161.8	True	False	True	True	4297925	1702820	2000000	4323604	1327570	2000000	100.779266158643	3293.258047414741
pairB__Mi22_major__Mi2_minor__p10__n2000000__s202	pairB	calibration_cross_lineage	Mi22	Mi2	10	2000000	202	all_pair_10_percent	auxiliary_or_primary_positive	nested_prefix_of_seeded_maximum_depth_window	90.31	5186125	5637963	157	117	144379	122713	68.33616621273109	68.00548354077527	99.9145	99.9399	0.8915795266923501	0.9753012048192772	2526.633846474434	2403.288277974016	59.65138537359961	47.461359673031914	952.42	161.8	True	False	True	True	4323604	1327570	2000000	4297925	1702820	2000000	59.65138537359961	2526.633846474434
pairC__Mi23_major__Mi8_minor__p10__n2000000__s202	pairC	evaluation_within_mp_mip	Mi23	Mi8	10	2000000	202	all_pair_10_percent	auxiliary_or_primary_positive	nested_prefix_of_seeded_maximum_depth_window	93.9	5111184	5133690	105	88	178583	150034	68.40203757094247	68.31929859418858	99.9491	99.9536	0.9556886227544912	0.9566265060240964	1430.9258447144675	1356.904347303271	71.98744089861181	35.82721645383447	952.42	161.8	True	False	True	True	4304665	2229483	2000000	4311467	1465507	2000000	71.98744089861181	1430.9258447144675
pairC__Mi8_major__Mi23_minor__p10__n2000000__s202	pairC	evaluation_within_mp_mip	Mi8	Mi23	10	2000000	202	all_pair_10_percent	auxiliary_or_primary_positive	nested_prefix_of_seeded_maximum_depth_window	91.66	5111132	4966941	103	76	201985	132446	68.39907480378123	68.31500515105776	99.9265	99.9549	0.94740099009901	0.9194227300060132	1443.302602677149	1340.405377881681	59.20530637954007	24.347910038918545	952.42	161.8	True	False	True	True	4311467	1465507	2000000	4304665	2229483	2000000	59.20530637954007	1443.302602677149
pairD__Mi25_major__Mi4_minor__p00__n1000000__s202	pairD	evaluation_within_mp_mip	Mi25	Mi4	0	1000000	202	depth_sensitivity	combined_negative	nested_prefix_of_seeded_maximum_depth_window	89.78	5064346	5270933	63	67	179485	200048	68.41414468916618	68.2136350433595	99.9807	99.9873	0.941415313225058	0.976463488231744	143.47074356090818	181.8083847392716	28.53561750382704	54.48264438399687	952.42	161.8	False	False	False	True	4309489	129078	4000000	4300943	256107	4000000	54.48264438399687	181.8083847392716
pairD__Mi25_major__Mi4_minor__p10__n1000000__s202	pairD	evaluation_within_mp_mip	Mi25	Mi4	10	1000000	202	depth_sensitivity	auxiliary_or_primary_positive	nested_prefix_of_seeded_maximum_depth_window	90.09	5269706	5461907	124	147	152929	114995	68.27798362944726	68.07060244709403	99.9688	99.9513	0.939532230462065	0.9705882352941176	1245.4945553755051	1257.7246734142675	105.14688027222329	129.14224229110414	952.42	161.8	True	False	True	True	4309489	129078	4000000	4300943	256107	4000000	129.14224229110414	1257.7246734142675
pairD__Mi25_major__Mi4_minor__p20__n1000000__s202	pairD	evaluation_within_mp_mip	Mi25	Mi4	20	1000000	202	depth_sensitivity	primary_positive	nested_prefix_of_seeded_maximum_depth_window	90.39	5281468	5258025	84	123	163309	90929	68.27533556958028	68.14743178284623	99.9586	99.9484	0.9603784742755764	0.9356521739130436	2843.01246148412	2814.452425224655	1390.8305253646388	1369.84084485605	952.42	161.8	True	True	True	True	4309489	129078	4000000	4300943	256107	4000000	1390.8305253646388	2843.01246148412
pairD__Mi25_major__Mi4_minor__p00__n2000000__s202	pairD	evaluation_within_mp_mip	Mi25	Mi4	0	2000000	202	depth_sensitivity	combined_negative	nested_prefix_of_seeded_maximum_depth_window	89.79	5064328	5171949	64	62	185226	179242	68.41371648913736	68.20376612375722	99.9855	99.9841	0.9451003541912631	0.96562123039807	167.03467007193362	200.71547072218493	23.325551560341022	47.95856380087604	952.42	161.8	False	False	False	True	4309489	129078	4000000	4300943	256107	4000000	47.95856380087604	200.71547072218493
pairD__Mi25_major__Mi4_minor__p10__n2000000__s202	pairD	evaluation_within_mp_mip	Mi25	Mi4	10	2000000	202	all_pair_10_percent_and_depth_sensitivity	auxiliary_or_primary_positive	nested_prefix_of_seeded_maximum_depth_window	90.08	5282464	5497775	90	100	167173	160492	68.27524049383015	68.1325445293778	99.9699	99.961	0.9208309938236946	0.9488669378268448	1511.422305554957	1511.414487538481	47.67082523737005	69.6780687141543	952.42	161.8	True	False	True	True	4309489	129078	4000000	4300943	256107	4000000	69.6780687141543	1511.422305554957
pairD__Mi25_major__Mi4_minor__p20__n2000000__s202	pairD	evaluation_within_mp_mip	Mi25	Mi4	20	2000000	202	depth_sensitivity	primary_positive	nested_prefix_of_seeded_maximum_depth_window	90.37	5289403	5137937	99	113	192401	108407	68.27339493700896	68.13744504846984	99.9665	99.9456	0.9396499698249848	0.9000581057524695	3057.520142244101	2994.6249232814516	1359.4356860677494	1326.6734200226383	952.42	161.8	True	True	True	True	4309489	129078	4000000	4300943	256107	4000000	1359.4356860677494	3057.520142244101
pairD__Mi25_major__Mi4_minor__p00__n4000000__s202	pairD	evaluation_within_mp_mip	Mi25	Mi4	0	4000000	202	depth_sensitivity	combined_negative	nested_prefix_of_seeded_maximum_depth_window	89.77	5065049	4886693	58	54	230684	200857	68.41343489470684	68.19595583352586	99.9556	99.9863	0.967479674796748	0.9332129963898916	130.7496259217651	146.0271688469904	15.010531072589348	32.19981110811445	952.42	161.8	False	False	False	True	4309489	129078	4000000	4300943	256107	4000000	32.19981110811445	146.0271688469904
pairD__Mi25_major__Mi4_minor__p10__n4000000__s202	pairD	evaluation_within_mp_mip	Mi25	Mi4	10	4000000	202	depth_sensitivity	auxiliary_or_primary_positive	nested_prefix_of_seeded_maximum_depth_window	90.07	5287163	5077209	454	90	36568	160492	68.27077205677223	68.05926248062666	99.8103	99.9557	0.8613801452784504	0.9167200512491992	1366.2842692607644	1439.05251587294	59.36135357899333	35.89332255565436	952.42	161.8	True	False	True	True	4309489	129078	4000000	4300943	256107	4000000	59.36135357899333	1439.05251587294
pairD__Mi25_major__Mi4_minor__p20__n4000000__s202	pairD	evaluation_within_mp_mip	Mi25	Mi4	20	4000000	202	depth_sensitivity	primary_positive	nested_prefix_of_seeded_maximum_depth_window	90.36	5287364	5182449	99	105	192439	103895	68.27456933171236	68.13421608201065	99.9325	99.935	0.931384248210024	0.905868680999419	3011.7508868817285	2956.263442761398	1289.992563928898	1253.8950206139675	952.42	161.8	True	True	True	True	4309489	129078	4000000	4300943	256107	4000000	1289.992563928898	3011.7508868817285
pairD__Mi4_major__Mi25_minor__p00__n1000000__s202	pairD	evaluation_within_mp_mip	Mi4	Mi25	0	1000000	202	depth_sensitivity	combined_negative	nested_prefix_of_seeded_maximum_depth_window	92.68	5193475	5156800	64	40	186237	404074	68.33665320426111	68.15242010549177	99.9598	99.989	0.9541176470588236	0.9559341950646298	149.96675994496064	150.0336211705623	25.703065815308975	27.668537930155647	952.42	161.8	False	False	False	True	4300943	256107	4000000	4309489	129078	4000000	27.668537930155647	150.0336211705623
pairD__Mi4_major__Mi25_minor__p10__n1000000__s202	pairD	evaluation_within_mp_mip	Mi4	Mi25	10	1000000	202	depth_sensitivity	auxiliary_or_primary_positive	nested_prefix_of_seeded_maximum_depth_window	92.41	5272103	5161316	87	105	197830	234218	68.28315000674304	68.12865168495787	99.9572	99.9627	0.9647129186602872	0.934959349593496	1149.2734708116834	1130.4136416555154	80.25382641542127	91.91158303371476	952.42	161.8	True	False	True	True	4300943	256107	4000000	4309489	129078	4000000	91.91158303371476	1149.2734708116834
pairD__Mi4_major__Mi25_minor__p20__n1000000__s202	pairD	evaluation_within_mp_mip	Mi4	Mi25	20	1000000	202	depth_sensitivity	primary_positive	nested_prefix_of_seeded_maximum_depth_window	92.11	5282795	5134957	93	124	208886	112088	68.27830722183995	68.13948003848913	99.9435	99.9437	0.9588377723970944	0.913953488372093	2751.022847218605	2702.7573247284786	1214.1136940987296	1186.1957074842985	952.42	161.8	True	True	True	True	4300943	256107	4000000	4309489	129078	4000000	1214.1136940987296	2751.022847218605
pairD__Mi4_major__Mi25_minor__p00__n2000000__s202	pairD	evaluation_within_mp_mip	Mi4	Mi25	0	2000000	202	depth_sensitivity	combined_negative	nested_prefix_of_seeded_maximum_depth_window	92.67	5195086	5009814	57	40	235431	383351	68.33779075072097	68.19590507751386	99.9512	99.988	0.9588128407026044	0.925556858147714	172.86351201998818	166.34711739062027	20.81299810274105	18.616464401116342	952.42	161.8	False	False	False	True	4300943	256107	4000000	4309489	129078	4000000	20.81299810274105	172.86351201998818
pairD__Mi4_major__Mi25_minor__p10__n2000000__s202	pairD	evaluation_within_mp_mip	Mi4	Mi25	10	2000000	202	all_pair_10_percent_and_depth_sensitivity	auxiliary_or_primary_positive	nested_prefix_of_seeded_maximum_depth_window	92.39	5287029	5415969	92	83	192369	283668	68.27921692882714	68.0746326280671	99.934	99.9602	0.9303116147308782	0.9466357308584686	1319.111380551003	1257.6536491998115	41.264410968851735	35.47485193758831	952.42	161.8	True	False	True	True	4300943	256107	4000000	4309489	129078	4000000	41.264410968851735	1319.111380551003
pairD__Mi4_major__Mi25_minor__p20__n2000000__s202	pairD	evaluation_within_mp_mip	Mi4	Mi25	20	2000000	202	depth_sensitivity	primary_positive	nested_prefix_of_seeded_maximum_depth_window	92.11	5286557	5203087	99	103	208886	134332	68.2769333613541	68.11369865620159	99.9362	99.9503	0.9590017825311944	0.9314750290360048	3024.995409413252	2881.6174788244184	1087.748634420239	1022.383693623218	952.42	161.8	True	True	True	True	4300943	256107	4000000	4309489	129078	4000000	1087.748634420239	3024.995409413252
pairD__Mi4_major__Mi25_minor__p00__n4000000__s202	pairD	evaluation_within_mp_mip	Mi4	Mi25	0	4000000	202	depth_sensitivity	combined_negative	nested_prefix_of_seeded_maximum_depth_window	92.7	5198415	5041497	52	34	240052	370689	68.33665646163301	68.20630856271461	99.9695	99.9874	0.9501800720288116	0.9298245614035088	144.75657795449715	152.63789283388942	10.972240616231833	19.278483860530304	952.42	161.8	False	False	False	True	4300943	256107	4000000	4309489	129078	4000000	19.278483860530304	152.63789283388942
pairD__Mi4_major__Mi25_minor__p10__n4000000__s202	pairD	evaluation_within_mp_mip	Mi4	Mi25	10	4000000	202	depth_sensitivity	auxiliary_or_primary_positive	nested_prefix_of_seeded_maximum_depth_window	92.41	5288018	5124000	95	83	168200	167717	68.27686668237513	68.13071818891491	99.9225	99.9114	0.9562612342720191	0.926205694363742	1234.820443942156	1153.1119294742891	55.11053585236959	23.28513906601516	952.42	161.8	True	False	True	True	4300943	256107	4000000	4309489	129078	4000000	55.11053585236959	1234.820443942156
pairD__Mi4_major__Mi25_minor__p20__n4000000__s202	pairD	evaluation_within_mp_mip	Mi4	Mi25	20	4000000	202	depth_sensitivity	primary_positive	nested_prefix_of_seeded_maximum_depth_window	92.11	5286338	5252946	94	98	169928	192691	68.27618665321816	68.13115916287737	99.95	99.9596	0.954171562867215	0.9395700174317256	3028.426272033791	2980.6493530139496	950.5998861402688	912.478881796516	952.42	161.8	True	True	True	True	4300943	256107	4000000	4309489	129078	4000000	950.5998861402688	3028.426272033791
