block_id	representative_genome	contig	start	end	strand	original_prodigal_id	stable_family	cluster_id	conservative_product
TMI_aromatic_catabolism_associated_block	LOCAL_Mi1	NODE_1_length_668241_cov_57.113662	14731	15975	+	NODE_1_length_668241_cov_57.113662_14	True	LOCAL_Mi1__gene00014	Phthalate 3,4-dioxygenase, ferredoxin reductase subunit
TMI_aromatic_catabolism_associated_block	LOCAL_Mi1	NODE_1_length_668241_cov_57.113662	15983	16768	+	NODE_1_length_668241_cov_57.113662_15	True	LOCAL_Mi1__gene00015	Transcriptional regulator, IclR family, C-terminal domain protein
TMI_aromatic_catabolism_associated_block	LOCAL_Mi1	NODE_1_length_668241_cov_57.113662	16765	17763	+	NODE_1_length_668241_cov_57.113662_16	True	LOCAL_Mi1__gene00016	4,5-dihydroxyphthalate decarboxylase
TMI_aromatic_catabolism_associated_block	LOCAL_Mi1	NODE_1_length_668241_cov_57.113662	17785	18765	-	NODE_1_length_668241_cov_57.113662_17	True	LOCAL_Mi1__gene00017	2-amino-3-carboxymuconate-6-semialdehyde decarboxylase
TMI_aromatic_catabolism_associated_block	LOCAL_Mi1	NODE_1_length_668241_cov_57.113662	18794	19369	-	NODE_1_length_668241_cov_57.113662_18	True	LOCAL_Mi1__gene00018	HTH marR-type domain-containing protein
TMI_aromatic_catabolism_associated_block	LOCAL_Mi1	NODE_1_length_668241_cov_57.113662	19470	20963	-	NODE_1_length_668241_cov_57.113662_19	True	LOCAL_Mi1__gene00019	Putative succinate-semialdehyde dehydrogenase [NADP(+)] 2
TMI_aromatic_catabolism_associated_block	LOCAL_Mi1	NODE_1_length_668241_cov_57.113662	21318	22244	+	NODE_1_length_668241_cov_57.113662_20	True	LOCAL_Mi1__gene00020	2,3-dihydroxy-p-cumate/2,3-dihydroxybenzoate 3,4-dioxygenase
TMI_aromatic_catabolism_associated_block	LOCAL_Mi1	NODE_1_length_668241_cov_57.113662	22244	23038	+	NODE_1_length_668241_cov_57.113662_21	True	LOCAL_Mi1__gene00021	2-keto-4-pentenoate hydratase
TMI_aromatic_catabolism_associated_block	LOCAL_Mi1	NODE_1_length_668241_cov_57.113662	23035	23820	+	NODE_1_length_668241_cov_57.113662_22	True	LOCAL_Mi1__gene00022	4-oxalocrotonate decarboxylase
TMI_aromatic_catabolism_associated_block	LOCAL_Mi1	NODE_1_length_668241_cov_57.113662	23825	24022	+	NODE_1_length_668241_cov_57.113662_23	True	LOCAL_Mi1__gene00023	Tautomerase
TMI_aromatic_catabolism_associated_block	LOCAL_Mi1	NODE_1_length_668241_cov_57.113662	24025	25473	+	NODE_1_length_668241_cov_57.113662_24	True	LOCAL_Mi1__gene00024	Aminomuconate-semialdehyde/2-hydroxymuconate-6-semialdehyde dehydrogenase
TMI_aromatic_catabolism_associated_block	LOCAL_Mi1	NODE_1_length_668241_cov_57.113662	25810	26775	-	NODE_1_length_668241_cov_57.113662_25	True	LOCAL_Mi1__gene00025	Aldolase
TMI_aromatic_catabolism_associated_block	LOCAL_Mi1	NODE_1_length_668241_cov_57.113662	26778	27890	-	NODE_1_length_668241_cov_57.113662_26	True	LOCAL_Mi1__gene00026	Cupin type-2 domain-containing protein
TMI_aromatic_catabolism_associated_block	LOCAL_Mi1	NODE_1_length_668241_cov_57.113662	28259	28837	+	NODE_1_length_668241_cov_57.113662_27	True	LOCAL_Mi1__gene00027	HTH tetR-type domain-containing protein
TMI_aromatic_catabolism_associated_block	LOCAL_Mi1	NODE_1_length_668241_cov_57.113662	28867	29091	-	NODE_1_length_668241_cov_57.113662_28	True	LOCAL_Mi1__gene00028	hypothetical protein
TMI_aromatic_catabolism_associated_block	LOCAL_Mi1	NODE_1_length_668241_cov_57.113662	29569	29796	+	NODE_1_length_668241_cov_57.113662_29	True	LOCAL_Mi1__gene00029	hypothetical protein
TMI_aromatic_catabolism_associated_block	LOCAL_Mi1	NODE_1_length_668241_cov_57.113662	29909	31090	+	NODE_1_length_668241_cov_57.113662_30	True	LOCAL_Mi1__gene00030	Flavin-dependent monooxygenase
TMI_aromatic_catabolism_associated_block	LOCAL_Mi1	NODE_1_length_668241_cov_57.113662	31110	31556	+	NODE_1_length_668241_cov_57.113662_31	True	LOCAL_Mi1__gene00031	SnoaL-like domain-containing protein
TMI_aromatic_catabolism_associated_block	LOCAL_Mi1	NODE_1_length_668241_cov_57.113662	31583	31990	+	NODE_1_length_668241_cov_57.113662_32	True	LOCAL_Mi1__gene00032	SnoaL-like domain-containing protein
TMI_aromatic_catabolism_associated_block	LOCAL_Mi1	NODE_1_length_668241_cov_57.113662	32028	32606	+	NODE_1_length_668241_cov_57.113662_33	True	LOCAL_Mi1__gene00033	VOC domain-containing protein
TMI_aromatic_catabolism_associated_block	LOCAL_Mi1	NODE_1_length_668241_cov_57.113662	32606	33424	+	NODE_1_length_668241_cov_57.113662_34	True	LOCAL_Mi1__gene00034	Short-chain dehydrogenase
TMI_aromatic_catabolism_associated_block	LOCAL_Mi1	NODE_1_length_668241_cov_57.113662	33444	34850	+	NODE_1_length_668241_cov_57.113662_35	True	LOCAL_Mi1__gene00035	Rieske domain-containing protein
TMI_aromatic_catabolism_associated_block	LOCAL_Mi1	NODE_1_length_668241_cov_57.113662	34898	35443	+	NODE_1_length_668241_cov_57.113662_36	True	LOCAL_Mi1__gene00036	Aromatic-ring-hydroxylating dioxygenase subunit beta
TMI_aromatic_catabolism_associated_block	LOCAL_Mi1	NODE_1_length_668241_cov_57.113662	35565	36119	+	NODE_1_length_668241_cov_57.113662_37	True	LOCAL_Mi1__gene00037	Lipid/polyisoprenoid-binding YceI-like domain-containing protein
TMI_aromatic_catabolism_associated_block	LOCAL_Mi1	NODE_1_length_668241_cov_57.113662	36335	36958	+	NODE_1_length_668241_cov_57.113662_38	True	LOCAL_Mi1__gene00038	hypothetical protein
TMI_aromatic_catabolism_associated_block	LOCAL_Mi1	NODE_1_length_668241_cov_57.113662	36963	37565	-	NODE_1_length_668241_cov_57.113662_39	True	LOCAL_Mi1__gene00039	Putative HTH-type transcriptional regulator
TMI_methyltransferase_hydrolase_cupin_block	LOCAL_Mi1	NODE_1_length_668241_cov_57.113662	453263	453964	+	NODE_1_length_668241_cov_57.113662_389	True	LOCAL_Mi1__gene00389	hypothetical protein
TMI_methyltransferase_hydrolase_cupin_block	LOCAL_Mi1	NODE_1_length_668241_cov_57.113662	454212	454874	+	NODE_1_length_668241_cov_57.113662_390	True	LOCAL_Mi1__gene00390	Methyltransferase
TMI_methyltransferase_hydrolase_cupin_block	LOCAL_Mi1	NODE_1_length_668241_cov_57.113662	455053	455760	+	NODE_1_length_668241_cov_57.113662_391	True	LOCAL_Mi1__gene00391	AB hydrolase-1 domain-containing protein
TMI_methyltransferase_hydrolase_cupin_block	LOCAL_Mi1	NODE_1_length_668241_cov_57.113662	455836	457260	+	NODE_1_length_668241_cov_57.113662_392	True	LOCAL_Mi1__gene00392	FAD-binding domain-containing protein
TMI_methyltransferase_hydrolase_cupin_block	LOCAL_Mi1	NODE_1_length_668241_cov_57.113662	457271	457753	+	NODE_1_length_668241_cov_57.113662_393	True	LOCAL_Mi1__gene00393	Quercetin dioxygenase-like cupin family protein
MP_MIP_nitrogen_redox_associated_block	LOCAL_Ma20	NODE_2_length_912165_cov_65.605915	205851	206177	+	NODE_2_length_912165_cov_65.605915_178	True	LOCAL_Ma20__gene01170	Carboxymuconolactone decarboxylase family protein
MP_MIP_nitrogen_redox_associated_block	LOCAL_Ma20	NODE_2_length_912165_cov_65.605915	206182	207315	+	NODE_2_length_912165_cov_65.605915_179	False		intervening ORF
MP_MIP_nitrogen_redox_associated_block	LOCAL_Ma20	NODE_2_length_912165_cov_65.605915	207405	207851	+	NODE_2_length_912165_cov_65.605915_180	False		intervening ORF
MP_MIP_nitrogen_redox_associated_block	LOCAL_Ma20	NODE_2_length_912165_cov_65.605915	207889	208362	+	NODE_2_length_912165_cov_65.605915_181	False		intervening ORF
MP_MIP_nitrogen_redox_associated_block	LOCAL_Ma20	NODE_2_length_912165_cov_65.605915	208401	208592	+	NODE_2_length_912165_cov_65.605915_182	False		intervening ORF
MP_MIP_nitrogen_redox_associated_block	LOCAL_Ma20	NODE_2_length_912165_cov_65.605915	208689	209456	-	NODE_2_length_912165_cov_65.605915_183	False		intervening ORF
MP_MIP_nitrogen_redox_associated_block	LOCAL_Ma20	NODE_2_length_912165_cov_65.605915	209553	210263	+	NODE_2_length_912165_cov_65.605915_184	False		intervening ORF
MP_MIP_nitrogen_redox_associated_block	LOCAL_Ma20	NODE_2_length_912165_cov_65.605915	210253	211344	+	NODE_2_length_912165_cov_65.605915_185	True	LOCAL_Ma20__gene01177	NnrS protein
MP_MIP_nitrogen_redox_associated_block	LOCAL_Ma20	NODE_2_length_912165_cov_65.605915	211341	213935	+	NODE_2_length_912165_cov_65.605915_186	True	LOCAL_Ma20__gene01178	Copper-containing nitrite reductase
MP_MIP_oxidoreductase_associated_block	LOCAL_Ma20	NODE_3_length_685252_cov_60.054939	367128	369275	+	NODE_3_length_685252_cov_60.054939_368	True	LOCAL_Ma20__gene02160	Molybdopterin-dependent oxidoreductase
MP_MIP_oxidoreductase_associated_block	LOCAL_Ma20	NODE_3_length_685252_cov_60.054939	369265	370104	+	NODE_3_length_685252_cov_60.054939_369	True	LOCAL_Ma20__gene02161	SnoaL-like domain-containing protein
MP_MIP_oxidoreductase_associated_block	LOCAL_Ma20	NODE_3_length_685252_cov_60.054939	370122	371060	+	NODE_3_length_685252_cov_60.054939_370	True	LOCAL_Ma20__gene02162	Bifunctional protein: zinc-containing alcohol dehydrogenase quinone oxidoreductase ( NADPH:quinone reductase) Similar to arginate lyase
MP_MIP_oxidoreductase_associated_block	LOCAL_Ma20	NODE_3_length_685252_cov_60.054939	371081	372094	+	NODE_3_length_685252_cov_60.054939_371	True	LOCAL_Ma20__gene02163	5,10-methylenetetrahydromethanopterin reductase
MP_MIP_oxidoreductase_associated_block	LOCAL_Ma20	NODE_3_length_685252_cov_60.054939	372081	372728	+	NODE_3_length_685252_cov_60.054939_372	True	LOCAL_Ma20__gene02164	Mycothiol-dependent maleylpyruvate isomerase metal-binding domain-containing protein
